model,algorithm,error_code,TpbSgCyclesSum,Tensorizer (sec),Layout (sec),BackendDriver (sec),production_total (sec),maxrss (gb),subgraphs,HLO instr.,Layout instr.,Tiling instr.,Backend instr.,num_operators,num_edges,Layout operator cost,Layout transpose cost,Layout (operator+transpose+IO) cost,Layout DMA cost,Layout D2D cost,num_layout_transposes,estimated_non_local_tensors,num_pf_transposes,num_nonlocal_tensors,num_io_transposes
test_ctc_aed_b24_seq512_my,naive,0,,227,12,,1,,6,1046,171085582,906438,,1689,2591,334565658,22055405,356621063,0,0,1519,0,560,0,245
test0_vnc_large_mms_b2b_8_bf16_with_qor_1024_1024_1024_my,naive,0,243140304,1,0,0,2,0.1,1,,303111,1241,2471,9,8,361020,16531,377551,0,0,1,0,0,0,1
test_mvp_bs_1_seq_2048_context_encoding_model_MODULE_104f3b8d8de051cd1359_ddc7ece8_my,naive,0,760707177,12,1,2,14,0.3,1,365,922034,11829,19602,46,75,1599324,791114,2390438,0,0,24,0,18,0,1
test_mvp_bs_1_seq_2048_token_generation_model_MODULE_2424e0422aff88341d00_ca2ddd81_my,naive,0,820814057,8,1,1,11,0.2,1,258,650405,9295,18950,62,104,6153027,31399,6184426,0,0,37,0,35,0,3
test_cnn_my,naive,0,957733777,13,1,1,15,0.4,1,308,936253,3216,12072,63,58,924830,322759,1247589,0,0,32,0,14,0,9
test_plbart_base_bs_1_seq_2048_token_generation_model_MODULE_5d78beba9567f362dd38_4ef8e11c_my,naive,0,1044855612,17,2,2,19,0.2,1,610,725895,9875,19786,163,273,9909038,69713,9978751,0,0,99,0,93,0,7
test_plbart_base_bs_1_seq_128_MODULE_d4199b6be85baaea92f8_10f349c5_my,naive,0,1060603741,17,3,2,20,0.2,1,650,726357,9903,19674,162,272,9956178,69744,10025922,0,0,98,0,92,0,7
test_plbart_base_bs_1_seq_128_MODULE_d187234b27dd2803f697_d4c90616_my,naive,0,1068684229,17,3,2,20,0.2,1,650,726357,9903,19674,162,272,9956178,69744,10025922,0,0,98,0,92,0,7
test_plbart_base_bs_1_seq_128_MODULE_dbab4bbda239ab75fd20_c1db6888_my,naive,0,1071619146,17,3,2,20,0.2,1,650,726357,9903,19674,162,272,9956178,69744,10025922,0,0,98,0,92,0,7
test_granite_3_1_3b_a800m_instruct_bs_1_seq_2048_token_generation_model_MODULE_cc546ccec49df0c32569_2fb76326_my,naive,0,1154402531,7,1,2,10,0.2,1,390,1345163,14642,29639,89,118,1616646,20033,1636679,0,0,28,0,26,0,3
test_granite_3_1_3b_a800m_instruct_bs_1_seq_2048_token_generation_model_MODULE_61cfffaa70a773ce9a3f_96f51408_my,naive,0,1673291509,13,3,4,17,0.3,1,720,2096499,20023,40325,174,235,2375640,39739,2415379,0,0,54,0,50,0,5
test_mvp_bs_1_seq_2048_context_encoding_model_MODULE_4bdb0fde4195fcc2858c_7234f84b_my,naive,0,1814349685,9,1,2,11,0.2,1,319,801438,9396,36381,37,59,2093011,1152822,3245833,0,0,17,0,15,0,1
test_mvp_bs_1_seq_2048_context_encoding_model_MODULE_557fb7b94870f5bdd462_06132d5c_my,naive,0,1815183946,9,1,2,11,0.2,1,319,801438,9396,36381,37,59,2093011,1152822,3245833,0,0,17,0,15,0,1
test_mvp_bs_1_seq_2048_token_generation_model_MODULE_75c7e4cedb7fa45aac3a_a5fd4e20_my,naive,0,1821375201,8,1,2,10,0.2,1,228,638824,9289,36007,55,89,6817675,30584,6848259,0,0,32,0,30,0,3
test_mvp_bs_1_seq_2048_context_encoding_model_MODULE_de83ced4dbc2aa1dd7e8_f5f1a8f9_my,naive,0,1885341259,11,1,2,13,0.3,1,346,874471,9619,37220,42,67,2188597,1193991,3382588,0,0,23,0,16,0,2
test_mvp_bs_1_seq_2048_context_encoding_model_MODULE_7eeaacaae5a48fa08bf7_666af8d4_my,naive,0,1917010370,40,10,4,46,0.4,1,1725,3240474,36679,46386,206,355,4666224,985554,5651778,0,0,104,0,78,0,1
test_sshleifer_distilbart_cnn_6_6_type_auto_bs_4_seq_128_MODULE_17627513587828894802_plus_e30acd3a_my,naive,0,2236492811,14,2,3,17,0.2,1,572,3952641,14879,32656,93,174,5027509,1889331,6916840,0,0,144,0,44,0,99
test_facebook_bart_base_type_auto_bs_2_seq_384_MODULE_16273610656918386787_plus_e30acd3a_my,naive,0,2379302009,15,2,3,19,0.3,1,572,4456547,15094,32890,93,174,5731944,1287215,7019159,0,0,139,0,38,0,100
test_mvp_bs_1_seq_128_MODULE_dd083db1cbd03a998776_874bef0b_my,naive,0,2392345571,31,8,4,36,0.3,1,1256,1818416,22021,43287,318,536,33614088,174646,33788734,0,0,194,0,182,0,13
test_mvp_bs_1_seq_128_MODULE_37d56c9e4b50a1f3aa88_cb431220_my,naive,0,2396338315,31,8,4,36,0.3,1,1256,1818416,22021,43287,318,536,33614088,174646,33788734,0,0,194,0,182,0,13
test_mvp_bs_1_seq_2048_token_generation_model_MODULE_75437bbaaed9d2ad5d58_b9573dac_my,naive,0,2475373949,32,9,4,36,0.3,1,1268,1823625,22055,43359,322,544,33622577,181249,33803826,0,0,197,0,185,0,13
test_xlm_roberta_base_type_auto_bs_2_seq_256_MODULE_3714715883677202631_plus_e30acd3a_my,naive,0,2969047207,31,6,4,36,0.3,1,1098,5961551,19463,42336,178,338,7627107,2448825,10075932,0,0,276,0,80,0,195
test_Ministral_4b_instruct_bs_1_seq_2048_token_generation_model_MODULE_dc8db8974489f60bb5ee_a64ca25e_my,naive,0,3294612338,5,1,5,11,0.3,1,327,3302632,27957,54650,70,100,4550606,487583,5038189,0,0,33,0,27,0,2
test_OLMoE_1B_7B_0924_bs_1_seq_2048_token_generation_model_MODULE_d5c347ef54de68e3addc_75386316_my,naive,0,3620541027,12,3,5,18,0.3,1,648,4792782,29914,51734,169,238,44728619,74551,44803170,0,0,83,0,78,0,4
test_OLMoE_1B_7B_0924_bs_1_seq_2048_token_generation_model_MODULE_aa3ecf3d5bd783c49bfe_a85a317e_my,naive,0,3628950612,12,3,4,17,0.3,1,648,4792782,29914,51734,169,238,44728619,74551,44803170,0,0,83,0,78,0,4
test_Qwen3_Next_80B_A3B_Instruct_bs_1_seq_2048_token_generation_model_MODULE_7c88d3bb8aef2249f299_a8970a31_my,naive,0,4121457651,10,2,5,17,0.4,1,590,4050740,33454,68602,133,190,5181982,19677,5201659,0,0,38,0,34,0,4
test_Qwen3_Next_80B_A3B_Instruct_bs_1_seq_2048_token_generation_model_MODULE_1956641ecef5aa67f05a_a655083c_my,naive,0,4131560226,10,2,5,17,0.4,1,590,4050740,33454,68602,133,190,5181982,19677,5201659,0,0,38,0,34,0,4
test_mvp_bs_1_seq_2048_context_encoding_model_MODULE_7e0535c4f2dccb6b1f49_616aa696_my,naive,0,4343269985,30,7,4,34,0.3,1,1349,2594507,18563,69625,176,322,5650041,1195966,6846007,0,0,89,0,87,0,1
test_mvp_bs_1_seq_2048_context_encoding_model_MODULE_3467b1dd433f5f79d8ed_4dd4fff6_my,naive,0,4555178310,32,7,4,38,0.3,1,1659,2770258,22846,84849,197,339,5922981,1190712,7113693,0,0,87,0,85,0,1
test_mvp_bs_1_seq_2048_token_generation_model_MODULE_df607a0e3e9e2b79bba0_e497063b_my,naive,0,4785761111,29,8,4,34,0.3,1,1104,1811819,22258,83195,317,535,35456148,182866,35639014,0,0,194,0,182,0,13
test_moshiko_pytorch_bf16_bs_1_seq_2048_token_generation_model_MODULE_b9af6a7d4fd6148cca67_4c3b8d52_my,naive,0,5260829892,5,1,8,14,0.4,1,307,4714144,41657,80129,68,102,88818270,1901201,90719471,0,0,37,0,31,0,2
test_idefics_9b_instruct_bs_1_seq_2048_token_generation_model_MODULE_1aa6fe7059cbcb205c6d_fca5f804_my,naive,0,5750783970,4,1,7,12,0.4,1,284,4265397,37628,72987,63,94,86803944,64918,86868862,0,0,34,0,31,0,2
test_idefics_9b_instruct_bs_1_seq_2048_token_generation_model_MODULE_c0cce8f031ef7c909481_260fbae1_my,naive,0,5752027506,4,1,7,12,0.4,1,284,4265397,37628,72987,63,94,86803944,64918,86868862,0,0,34,0,31,0,2
test_idefics_9b_instruct_bs_1_seq_2048_token_generation_model_MODULE_276e18e5370daff4a585_14bb390c_my,naive,0,5818158503,9,1,9,19,0.5,1,345,4266323,45353,90614,68,104,86884267,62527,86946794,0,0,33,0,31,0,3
test_idefics_9b_instruct_bs_1_seq_2048_token_generation_model_MODULE_5ed8de4bcd592ad60482_4f0634bb_my,naive,0,5819407039,9,1,9,19,0.5,1,345,4266323,45353,90614,68,104,86884267,62527,86946794,0,0,33,0,31,0,3
test_idefics_9b_instruct_bs_1_seq_2048_token_generation_model_MODULE_b4352367d1c0286c09e2_dd2354e9_my,naive,0,5829453898,9,1,9,19,0.5,1,345,4266323,45353,90614,68,104,86884267,62527,86946794,0,0,33,0,31,0,3
test_OLMoE_1B_7B_0924_bs_1_seq_2048_token_generation_model_MODULE_b627713df98508ccda0b_64534e1d_my,naive,0,5889692205,73,33,9,84,0.6,1,2668,8492595,51168,97121,729,910,8127710,807617,8935327,0,0,324,0,241,0,51
test_whisper_large_v3_turbo_decoder_bs_1_seq_100_my,naive,0,6053403315,5,0,2,7,0.2,3,95,1391409,13362,49256,54,87,2814759,1521735,4336494,0,0,85,0,24,0,56
test_Qwen2_Audio_7B_bs_1_seq_2048_context_encoding_model_MODULE_ccb5920d69b94c0ff701_0d53aa71_my,naive,0,6067951835,5,0,8,14,0.6,5,43,5073914,57462,103235,52,51,6447392,4332964,10780356,0,0,35,0,23,0,3
test_Qwen3_VL_8B_Thinking_bs_1_seq_2048_token_generation_model_MODULE_f509638c7ccef85f2d4b_e22aa203_my,naive,0,6454441321,15,2,13,29,0.7,1,652,5480383,63623,133168,155,184,7294535,63426,7357961,0,0,59,0,35,0,14
test_Qwen3_VL_8B_Thinking_bs_1_seq_2048_token_generation_model_MODULE_9d08cbd4a685e851f0b0_13e7dd81_my,naive,0,6461137562,15,2,14,30,0.7,1,636,5484541,63686,133159,148,183,7308139,59312,7367451,0,0,57,0,35,0,14
test_Qwen3_VL_8B_Thinking_bs_1_seq_2048_token_generation_model_MODULE_f807af7e372488a22ecc_c78a4f38_my,naive,0,6499303631,15,2,13,29,0.7,1,652,5480383,63623,133168,155,184,7294535,63426,7357961,0,0,59,0,35,0,14
test_Qwen2_Audio_7B_bs_1_seq_2048_token_generation_model_MODULE_d3d769dd6d02e65e514a_1ea2f44b_my,naive,0,9753489960,14,2,22,37,1.0,1,572,5716981,71469,151063,137,170,7673003,97837,7770840,0,0,71,0,49,0,14
test_vaultgemma_1b_bs_1_seq_2048_token_generation_model_MODULE_228c8dffd297539e4b0c_bb469c7d_my,naive,0,10079736500,674,55,15,690,0.8,1,3794,8577278,72696,150018,866,1409,78229523,455494,78685017,10219513,0,419,0,392,0,26
test_vaultgemma_1b_bs_1_seq_2048_token_generation_model_MODULE_331736842dd7191a97b0_5b4b46c7_my,naive,0,10168925419,663,49,14,679,0.8,1,3043,8574477,72589,148789,812,1302,78180940,455494,78636434,10219513,0,419,0,392,0,26
test_vaultgemma_1b_bs_1_seq_2048_token_generation_model_MODULE_23826d9b87a458bb6570_843e2c94_my,naive,0,10173571717,666,55,14,681,0.8,1,3629,8577657,72324,148792,865,1408,78251324,455494,78706818,10219513,0,419,0,392,0,26
test_vaultgemma_1b_bs_1_seq_2048_token_generation_model_MODULE_5550761f905c3584fe8e_92ddc30c_my,naive,0,10178363726,671,79,14,687,0.8,1,3043,8574477,72589,148789,812,1302,78180940,455494,78636434,10219513,0,419,0,392,0,26
test_vaultgemma_1b_bs_1_seq_2048_token_generation_model_MODULE_7af4ac6deb78db488944_22c7aa50_my,naive,0,10178867283,622,49,14,637,0.8,1,3043,8574477,72589,148789,812,1302,78180940,455494,78636434,10219513,0,419,0,392,0,26
test_vaultgemma_1b_bs_1_seq_2048_token_generation_model_MODULE_143e880fdd205c2544d1_55d43da7_my,naive,0,10182352185,631,50,14,646,0.8,1,3043,8574477,72589,148789,812,1302,78180940,455494,78636434,10219513,0,419,0,392,0,26
test_vaultgemma_1b_bs_1_seq_2048_token_generation_model_MODULE_2e1d8c3c44d4b82a015b_a67616cc_my,naive,0,10183678576,628,50,14,643,0.8,1,3043,8574477,72589,148789,812,1302,78180940,455494,78636434,10219513,0,419,0,392,0,26
test_idefics_9b_instruct_bs_1_seq_2048_token_generation_model_MODULE_6d1d5e28b2fc6245cdf6_cccc0cf2_my,naive,0,10525753242,13,2,15,29,0.8,1,512,7505653,74601,147962,121,186,172394498,124969,172519467,0,0,65,0,61,0,5
test_paligemma_3b_mix_224_bs_1_seq_2048_context_encoding_model_MODULE_90bb44b8e0210c28fd70_67de28bc_my,naive,0,10808912419,5,0,14,20,0.8,12,39,5433191,70597,153876,46,34,9520411,6613332,16133743,0,0,22,0,15,0,6
test_Qwen3_VL_8B_Thinking_bs_1_seq_2048_token_generation_model_MODULE_faa917fbe86b157f3c17_899a1408_my,naive,0,11120612938,14,3,18,33,0.9,1,590,10949196,88846,179161,133,190,13827752,44265,13872017,0,0,57,0,53,0,4
test_Qwen3_VL_8B_Thinking_bs_1_seq_2048_token_generation_model_MODULE_353c1b2743794c93ecb9_c15bdd80_my,naive,0,11124807821,10,2,18,29,0.9,1,590,10949196,88846,179161,133,190,13827752,44265,13872017,0,0,57,0,53,0,4
test_granite_3_1_3b_a800m_instruct_bs_1_seq_2048_context_encoding_model_MODULE_fbfb78b55ea054aef805_1ccc47dd_my,naive,0,11273370785,5,0,5,11,0.5,12,139,1093302,12293,72555,90,65,3548095,1048262,4596357,0,0,28,0,23,0,4
test_granite_3_1_3b_a800m_instruct_bs_1_seq_2048_context_encoding_model_MODULE_0660a9af043aa802f6fa_d08287f9_my,naive,0,11292420249,5,0,5,11,0.5,12,139,1093302,12293,72555,90,65,3548095,1048262,4596357,0,0,28,0,23,0,4
test_Qwen3_VL_8B_Thinking_bs_1_seq_2048_context_encoding_model_MODULE_ac99d7654fa3fa3cd17c_48fcc937_my,naive,0,11924715321,6,0,9,16,0.6,3,82,5134294,55469,118050,64,63,6838220,3801752,10639972,0,0,40,0,30,0,4
test_Qwen3_VL_8B_Thinking_bs_1_seq_2048_context_encoding_model_MODULE_e2ae589bbaac9e78ac58_94f66257_my,naive,0,11984113829,6,0,9,16,0.6,3,86,5171143,55456,117957,66,67,6855770,3787564,10643334,0,0,39,0,31,0,3
test_kosmos_2_patch14_224_bs_1_seq_2048_context_encoding_model_MODULE_33802bd3dd0763be2ca4_ef3362a2_my,naive,0,12228130360,6,0,4,11,0.3,3,103,2434492,26723,55495,46,76,3717716,1748081,5465797,0,0,29,0,17,0,5
test_FlexOlmo_7x7B_1T_bs_1_seq_2048_token_generation_model_MODULE_5cca1c1d9203d88de7fe_226b6d48_my,naive,0,13928509677,6,1,29,36,1.4,1,380,13817017,69861,179076,95,108,9445717,51989,9497706,0,0,42,0,31,0,7
test_vision_perceiver_learned_my,naive,0,14177633387,166,78,27,194,1.3,1,3205,32866348,93384,241577,971,1675,24043195,9994929,34038124,0,0,1164,0,355,0,61
test_Llama_4_Scout_17B_16E_Instruct_bs_1_seq_2048_token_generation_model_MODULE_de20dd89898aee9b0880_5d041e77_my,naive,0,14278084132,12,1,55,68,2.1,1,399,16967896,172444,379685,89,120,16828761,23119,16851880,0,0,29,0,27,0,3
test_vaultgemma_1b_bs_1_seq_2048_context_encoding_model_MODULE_2265e19576946f2e5a74_4bb2c962_my,naive,0,16010290411,48,1,24,73,2.1,3,120,3611177,43432,151177,65,84,4056454,145312,4201766,3487251,0,38,0,35,0,3
test_Qwen3_Next_80B_A3B_Instruct_bs_1_seq_2048_context_encoding_model_MODULE_4d02e2f21aab46144b5f_8a12a514_my,naive,0,16987295791,22,0,37,60,2.4,3,78,4872541,55877,191027,51,61,4844022,287413,5131435,0,0,28,0,25,0,3
test_kosmos_2_5_bs_1_seq_2048_context_encoding_model_MODULE_46b85e82ee8ac8fd8a46_aa185f83_my,naive,0,17371494269,6,0,5,12,0.4,3,102,2130087,26302,106252,42,72,5481473,3602315,9083788,0,0,29,0,17,0,5
test_idefics_9b_instruct_bs_1_seq_2048_context_encoding_model_MODULE_dd320f5e583f09c1b061_c58235a1_my,naive,0,17880388528,6,0,5,12,0.5,3,84,7136537,58318,89821,45,59,7732993,3522757,11255750,0,0,31,0,21,0,3
test_idefics_9b_instruct_bs_1_seq_2048_context_encoding_model_MODULE_851642d793b5dd3ac6e1_f797af22_my,naive,0,17918089611,2,0,2,6,0.4,12,42,3432732,17134,50217,48,34,4843954,838207,5682161,0,0,24,0,13,0,5
test_idefics_9b_instruct_bs_1_seq_2048_context_encoding_model_MODULE_32e068b253bd266cb1e0_ba0dd372_my,naive,0,17922672339,2,0,2,6,0.4,12,42,3432732,17134,50217,48,34,4843954,838207,5682161,0,0,24,0,13,0,5
test_idefics_9b_instruct_bs_1_seq_2048_context_encoding_model_MODULE_c4d21a18722498f1073a_8195bb5b_my,naive,0,17929282869,2,0,2,6,0.4,12,42,3432732,17134,50217,48,34,4843954,838207,5682161,0,0,24,0,13,0,5
test_bert_base_uncased_type_auto_bs_8_seq_384_MODULE_4105355656076190947_plus_e30acd3a_my,naive,0,18538230026,14,1,14,29,0.9,3,132,18906962,59517,134329,106,191,22351965,2095525,24447490,0,0,168,0,46,0,45
test_vaultgemma_1b_bs_1_seq_2048_context_encoding_model_MODULE_6b916a491dd7bff62c28_87909808_my,naive,0,21621145459,47,1,25,72,2.1,3,115,3627138,43009,151104,62,81,4090001,142420,4232421,3487251,0,32,0,29,0,3
test_vaultgemma_1b_bs_1_seq_2048_context_encoding_model_MODULE_498bccf6206b0289f9aa_141a1a40_my,naive,0,21627508853,47,1,24,73,2.1,3,115,3627138,43009,151104,62,81,4090001,142420,4232421,3487251,0,32,0,29,0,3
test_vaultgemma_1b_bs_1_seq_2048_context_encoding_model_MODULE_88aac507fdd0dbff0f8d_11f9fc15_my,naive,0,21640289920,46,1,25,72,2.1,3,115,3627138,43009,151104,62,81,4090001,142420,4232421,3487251,0,32,0,29,0,3
test_vaultgemma_1b_bs_1_seq_2048_context_encoding_model_MODULE_fe888694753acc395dc8_04b21406_my,naive,0,21751376082,43,0,23,68,2.1,3,87,3591216,42908,151188,46,60,4084517,142420,4226937,3487251,0,32,0,29,0,3
test_vaultgemma_1b_bs_1_seq_2048_context_encoding_model_MODULE_5aada30e6488b408f4ef_534ef05e_my,naive,0,21751642504,44,0,25,69,2.1,3,87,3591216,42908,151188,46,60,4084517,142420,4226937,3487251,0,32,0,29,0,3
test_vaultgemma_1b_bs_1_seq_2048_context_encoding_model_MODULE_19838a617aac9977ced3_9c789c41_my_d2d,naive,0,21764567139,21,0,23,46,2.1,3,87,3591216,42908,151188,46,60,4084517,19342482,23426999,3487251,19200062,33,0,29,0,3
test_vaultgemma_1b_bs_1_seq_2048_context_encoding_model_MODULE_19838a617aac9977ced3_9c789c41_my,naive,0,21770052700,34,0,25,60,2.1,3,87,3591216,42908,151188,46,60,4084517,142420,4226937,3487251,0,32,0,29,0,3
test_google_electra_large_discriminator_type_auto_bs_2_seq_512_MODULE_14975106339664645707_plus_e30acd3a_my,naive,0,23134707174,26,0,14,41,0.8,3,132,18902670,58688,133414,190,347,26297698,4622573,30920271,0,0,300,0,82,0,81
test_bert_large_uncased_type_auto_bs_4_seq_384_MODULE_10369848347162771062_plus_e30acd3a_my,naive,0,28722097167,22,3,22,45,1.3,3,480,28619570,106641,238280,218,399,37104149,5529138,42633287,0,0,344,0,94,0,93
test_OLMo_2_1124_7B_bs_1_seq_2048_context_encoding_model_MODULE_b1ae2e7373b6f90bb499_fa07a7ae_my,naive,0,30047515604,28,0,32,60,3.0,15,49,8564869,80196,239752,54,46,8887547,1390231,10277778,0,0,51,0,28,0,15
test_Qwen3_VL_8B_Thinking_bs_1_seq_2048_token_generation_model_MODULE_cc5bee7ecbc4de0fb6ec_31986bfa_my,naive,0,30822410237,201,118,62,265,2.6,1,5237,29866279,263929,533233,1312,1702,40155469,502134,40657603,0,0,476,0,294,0,110
test_Qwen3_VL_8B_Thinking_bs_1_seq_2048_token_generation_model_MODULE_0c5714630059b57a8f24_e5bb152a_my,naive,0,30840888289,200,118,62,264,2.6,1,5237,29866279,263929,533233,1312,1702,40155469,502134,40657603,0,0,476,0,294,0,110
test_Olmo_3_7B_Think_bs_1_seq_2048_context_encoding_model_MODULE_e6a2aaf6c5144b7c4cb8_a841cf10_my,naive,0,35881063674,8,1,23,32,1.5,3,202,27063331,253426,264412,94,104,28041554,11908376,39949930,0,0,69,0,39,0,7
test_musicgen_melody_bs_1_seq_2048_context_encoding_model_MODULE_5abcf46cdaab241254d6_da39bad3_my,naive,0,38128179757,19,0,1,20,0.1,3,80,770666,3242,8686,36,58,1019691,51318,1071009,691729,0,18,0,10,0,2
test_albert_large_v2_type_auto_bs_4_seq_512_MODULE_6199784313081317653_plus_e30acd3a_my,naive,0,44933064793,19,1,20,39,1.4,3,211,32116791,72050,177745,150,271,42952381,4087218,47039599,0,0,238,0,66,0,22
test_idefics_9b_instruct_bs_1_seq_2048_token_generation_model_MODULE_707f274f9d6ec9187dd7_39b7098c_my,naive,0,49416442980,136,73,61,198,2.6,1,4055,26793696,265040,500042,1099,1379,37488390,2682771,40171161,0,0,581,0,385,0,98
test_OLMo_7B_Instruct_bs_1_seq_2048_token_generation_model_MODULE_463626bb5b2812fe40b4_6859588a_my,naive,0,49729652742,147,80,64,212,2.7,1,4037,27463242,273818,522344,1161,1697,37466655,2714273,40180928,0,0,643,0,448,0,99
test_OLMo_7B_Instruct_bs_1_seq_2048_token_generation_model_MODULE_c56aa7fba21decdc623e_fc137309_my,naive,0,49741205274,148,80,63,212,2.7,1,4037,27463626,273818,522344,1161,1697,37466994,2714273,40181267,0,0,643,0,448,0,99
test_OLMo_2_1124_7B_bs_1_seq_2048_token_generation_model_MODULE_627c886c5b983c4232d7_577258bb_my,naive,0,50913844435,142,79,62,205,2.6,1,4228,27330532,267070,503949,1097,1438,36962670,760685,37723355,0,0,550,0,385,0,97
test_OLMo_7B_Instruct_bs_1_seq_2048_token_generation_model_MODULE_66e75388da7697cded69_7dd97333_my,naive,0,60297596939,147,80,100,249,4.0,1,4037,43977025,402042,784193,1161,1697,56757261,789213,57546474,0,0,610,0,448,0,98
test_OLMo_7B_Instruct_bs_1_seq_2048_token_generation_model_MODULE_a263879d77ed8fecc93e_3f065e05_my,naive,0,60367021416,145,79,101,248,4.0,1,4037,43977025,402042,784193,1161,1697,56757261,789213,57546474,0,0,610,0,448,0,98
test_OLMo_7B_Instruct_bs_1_seq_2048_token_generation_model_MODULE_beef5582ff219b3813d0_42bb88f2_my,naive,0,61091829601,148,80,101,250,3.9,1,4037,44386666,408666,794025,1161,1697,58511807,2714273,61226080,0,0,643,0,448,0,99
test_Llama_4_Scout_17B_16E_Instruct_bs_1_seq_2048_context_encoding_model_MODULE_7f6aedd57eb201c2c0a7_b6089732_my,naive,0,62452668470,9,1,88,98,3.6,4,254,48423230,353502,730557,61,132,66795477,12909630,79705107,0,0,31,0,26,0,4
test_OLMo_7B_Instruct_bs_1_seq_2048_context_encoding_model_MODULE_be0fd6bbd757591c35a3_54388b7d_my,naive,0,62673831534,35,0,3,39,0.3,3,83,4043068,31717,50583,66,77,4466073,2157258,6623331,3502925,0,23,0,19,0,1
test_OLMo_7B_Instruct_bs_1_seq_2048_context_encoding_model_MODULE_18d12557843a8deb3eaa_338523d7_my,naive,0,62710376936,35,0,3,40,0.3,3,83,4043068,31717,50583,66,77,4466073,2157258,6623331,3502925,0,23,0,19,0,1
test_idefics_9b_instruct_bs_1_seq_2048_token_generation_model_MODULE_721f1af79f1d172c0ddf_2b9a6ba3_my,naive,0,77438543408,197,109,147,345,5.3,1,5835,52948443,552549,1064001,1254,1924,1370578417,1004597,1371583014,0,0,577,0,545,0,33
test_Qwen3_VL_8B_Thinking_bs_1_seq_2048_context_encoding_model_MODULE_33a7eaaa0538dcaccb60_2b85aa20_my,naive,0,77828215305,6,0,9,16,0.6,3,82,5134294,55469,118210,64,63,6838220,3801752,10639972,0,0,40,0,30,0,4
test_Qwen3_VL_8B_Thinking_bs_1_seq_2048_context_encoding_model_MODULE_a6d946b33e689d84011e_6cc7d671_my,naive,0,78151536925,6,0,9,16,0.7,3,86,5164070,55743,118317,71,70,6872526,3822608,10695134,0,0,47,0,35,0,4
test_Qwen3_VL_8B_Thinking_bs_1_seq_2048_context_encoding_model_MODULE_ff86a8615ba31d78647d_bb9a2058_my,naive,0,78174566279,6,0,9,16,0.7,3,86,5164070,55743,118317,71,70,6872526,3822608,10695134,0,0,47,0,35,0,4
test_resnet50_bs_16_MODULE_18211355964132859055_plus_080aa230_my,naive,0,91909934961,55,12,363,418,18.0,1,1717,34380542,117902,318126,281,461,22317274,1892463,24209737,0,0,149,0,11,0,55
test_idefics_9b_instruct_bs_1_seq_2048_context_encoding_model_MODULE_9bbed24f7d8a64de06e1_f30202c4_my,naive,0,98506327287,3,0,3,7,0.3,3,97,9104020,58896,52514,61,58,8202190,1921416,10123606,0,0,27,0,17,0,3
test_OLMo_7B_Instruct_bs_1_seq_2048_context_encoding_model_MODULE_81661c3dd75989b7577b_183437e3_my,naive,0,99439753178,37,0,4,42,0.4,3,83,9402511,66843,69994,66,77,8492868,3134296,11627164,4169628,0,27,0,19,0,1
test_OLMoE_1B_7B_0924_bs_1_seq_2048_context_encoding_model_MODULE_e6c5f210918aa730683c_fe085657_my,naive,0,104226177128,12,0,25,38,3.6,3,247,2751944,18737,252119,97,105,3809757,288323,4098080,0,0,44,0,40,0,2
test_idefics_9b_instruct_bs_1_seq_2048_context_encoding_model_MODULE_cc0cd249b9101619f34d_9210cfef_my,naive,0,105429336146,6,0,6,13,0.5,3,112,7451026,62344,93449,72,95,8034795,3546780,11581575,0,0,49,0,39,0,3
test_OLMo_7B_Instruct_bs_1_seq_2048_context_encoding_model_MODULE_7f84e7ed9e073cfae95f_ddf3adf2_my,naive,0,120028946947,36,0,5,42,0.4,3,83,5220924,38977,71769,66,77,6388847,2868610,9257457,4997173,0,23,0,19,0,1
test_idefics_9b_instruct_bs_1_seq_2048_context_encoding_model_MODULE_59dc53ea1b53de8462b6_c009eadd_my,naive,0,143595951251,3,0,4,8,0.4,3,87,7136441,50453,71963,45,59,7270441,2014118,9284559,0,0,31,0,21,0,2
test_OLMo_7B_Instruct_bs_1_seq_2048_context_encoding_model_MODULE_fea803c553c004eb84bb_4fa62bac_my,naive,0,147275402049,38,0,8,47,0.5,3,83,10943631,76303,92457,66,77,11857398,3912284,15769682,5820056,0,27,0,19,0,1
test_FlexOlmo_7x7B_1T_bs_1_seq_2048_context_encoding_model_MODULE_e010cbb1c988625325e1_b339bd96_my,naive,0,149675009559,28,0,60,90,4.4,16,50,7006611,75536,467591,78,63,7564732,650934,8215666,0,0,51,0,32,0,14
test_Ministral_4b_instruct_bs_1_seq_2048_context_encoding_model_MODULE_de912ef248e892c051fa_233461aa_my,naive,0,154373608834,4,0,6,12,0.7,3,78,10629423,114028,87451,69,68,9929144,1603644,11532788,0,0,30,0,13,0,5
test_granite_3_1_3b_a800m_instruct_bs_1_seq_2048_context_encoding_model_MODULE_2eaa04e83fcb362de79b_982c158d_my,naive,0,184787371995,9,1,7,17,0.6,3,251,4685229,35612,90054,97,105,28404484,1729414,30133898,0,0,60,0,32,0,5
test_whisper_large_v3_turbo_encoder_bs_1_seq_1500_my,naive,0,199046763080,6,0,6,13,0.6,3,93,5931785,27270,118609,33,56,12213615,1807056,14020671,0,0,58,0,14,0,19
test_vision_perceiver_conv_bs_4_MODULE_16271670994419107146_plus_e30acd3a_my,naive,0,230766900927,385,185,138,527,7.1,5,6102,65095384,386841,984954,1664,1567,93793866,18524190,112318056,0,0,1605,0,741,0,55
test_language_perceiver_B20_MODULE_6541578535163032455_plus_e30acd3a_my,naive,0,341860299195,675,352,149,827,5.8,5,10056,124014233,456852,980365,2498,1792,190077306,16850961,206928267,0,0,1775,0,88,0,86
test_resnet50_bs_16_MODULE_10731567180434628654_plus_080aa230_my,naive,0,381207277529,392,194,758,1151,22.0,1,4624,95927973,240417,1050844,1679,1558,76781845,10291635,87073480,0,0,930,0,53,0,186
test_resnet50_bs_16_MODULE_4034258629611396623_plus_080aa230_my,naive,0,382622639150,410,202,767,1179,22.2,1,5136,96533033,241460,1051488,1679,1558,78587773,10204559,88792332,0,0,1008,0,53,0,232
test_OLMoE_1B_7B_0924_bs_1_seq_2048_context_encoding_model_MODULE_23a1550d3ff702f3aab3_747e44c5_my,naive,NCC_EVRF028,,,,,0,,,,,,,,,,,,,,,,,,
test_Olmo_3_7B_Think_bs_1_seq_2048_token_generation_model_MODULE_0632c034a866bb24388b_aa8e011b_my,naive,NCC_EVRF028,,,,,0,,,,,,,,,,,,,,,,,,
test_ctc_aed_b4_seq5000_my_fix,naive,infer_failed,,452,10,1078,1533,46.1,6,1002,136862519,444229,3776700,1951,3508,139186843,16807152,155993995,0,0,2080,0,851,0,355
test_microsoft_deberta_v3_large_type_auto_bs_2_seq_512_MODULE_2884813566616500283_plus_e30acd3a_my,naive,NCC_EXSP001,,40,,,0,,3,195,144510244,550761,,60,97,488623090,1131403,489754493,0,0,76,0,150,0,82
test_unet_B4_MODULE_3208590055032863725_plus_080aa230_my,naive,NCC_EXSP001,,17,,,0,,1,359,0,0,,0,0,0,0,0,0,0,0,0,19,0,34
test_unet_B4_MODULE_3949044161141089953_plus_080aa230_my,naive,NCC_EBVF030,,214,43,,216,4.3,1,2685,276845702,15125550,,652,708,74508882,44181192,118690074,0,0,443,0,102,0,102
test_unet_B4_MODULE_6097415191351560119_plus_080aa230_my,naive,NCC_EXSP001,,16,,,0,,1,345,0,0,,0,0,0,0,0,0,0,0,0,18,0,34
test_unet_B4_MODULE_7534641466398025551_plus_080aa230_my,naive,NCC_EBVF030,,208,44,,210,4.2,1,2367,275398389,15380630,,741,861,71086362,38278766,109365128,0,0,398,0,119,0,73
test_unet_B4_MODULE_8524853651227224637_plus_080aa230_my,naive,NCC_EBVF030,,49,3,,50,2.1,1,635,156694297,1468552,,128,194,16917628,31734279,48651907,0,0,75,0,33,0,18
